{"ground_truth": "[0, 1]", "components": "[0, 1, 2]"}
{"algo": "DIFG_check_10_uniform_11.csv.csv", "param": "none", "instance_name": "ant_methodsMost246_10_11", "diagnosis": [["[2]", "0.9090909087857624"], ["[0, 1]", "0.09090909121423758"]]}
{"algo": "DIFG_check_10_usingb_00_11.csv", "param": "00", "instance_name": "ant_methodsMost246_10_11", "diagnosis": [["[0, 1]", "1.0"], ["[2]", "0.0"]]}
{"algo": "DIFG_check_10_usingb_05_11.csv", "param": "05", "instance_name": "ant_methodsMost246_10_11", "diagnosis": [["[0, 1]", "0.997237569061"], ["[2]", "0.00276243093923"]]}
{"algo": "DIFG_check_10_usingb_10_11.csv", "param": "10", "instance_name": "ant_methodsMost246_10_11", "diagnosis": [["[0, 1]", "0.987804878049"], ["[2]", "0.0121951219512"]]}
{"algo": "DIFG_check_10_usingb_15_11.csv", "param": "15", "instance_name": "ant_methodsMost246_10_11", "diagnosis": [["[0, 1]", "0.969798657718"], ["[2]", "0.0302013422819"]]}
{"algo": "DIFG_check_10_usingb_20_11.csv", "param": "20", "instance_name": "ant_methodsMost246_10_11", "diagnosis": [["[0, 1]", "0.941176470588"], ["[2]", "0.0588235294118"]]}
{"algo": "DIFG_check_10_usingb_30_11.csv", "param": "30", "instance_name": "ant_methodsMost246_10_11", "diagnosis": [["[0, 1]", "0.844827586207"], ["[2]", "0.155172413793"]]}
{"algo": "DIFG_check_10_usingb_40_11.csv", "param": "40", "instance_name": "ant_methodsMost246_10_11", "diagnosis": [["[0, 1]", "0.692307692308"], ["[2]", "0.307692307692"]]}
{"algo": "DIFG_check_10_usingb_50_11.csv", "param": "50", "instance_name": "ant_methodsMost246_10_11", "diagnosis": [["[2]", "0.5"], ["[0, 1]", "0.5"]]}
{"algo": "DIFG_check_10_weka_randomForest11.csv.csv", "param": "none", "instance_name": "ant_methodsMost246_10_11", "diagnosis": [["[2]", "0.9900990098647948"], ["[0, 1]", "0.009900990135205122"]]}
