{"ground_truth": "[0]", "components": "[0, 1, 2, 3]"}
{"algo": "DIFG_check_10_uniform_2.csv.csv", "param": "none", "instance_name": "cdt_methodsAll750_10_2", "diagnosis": [["[0]", "0.8011869441685162"], ["[3]", "0.11869436111881199"], ["[1, 2]", "0.08011869471267186"]]}
{"algo": "DIFG_check_10_usingb_00_2.csv", "param": "00", "instance_name": "cdt_methodsAll750_10_2", "diagnosis": [["[0]", "1.0"], ["[3]", "0.0"], ["[1, 2]", "0.0"]]}
{"algo": "DIFG_check_10_usingb_05_2.csv", "param": "05", "instance_name": "cdt_methodsAll750_10_2", "diagnosis": [["[0]", "0.994490358127"], ["[3]", "0.00275482093664"], ["[1, 2]", "0.00275482093664"]]}
{"algo": "DIFG_check_10_usingb_10_2.csv", "param": "10", "instance_name": "cdt_methodsAll750_10_2", "diagnosis": [["[0]", "0.975903614458"], ["[3]", "0.0120481927711"], ["[1, 2]", "0.0120481927711"]]}
{"algo": "DIFG_check_10_usingb_15_2.csv", "param": "15", "instance_name": "cdt_methodsAll750_10_2", "diagnosis": [["[0]", "0.941368078176"], ["[3]", "0.0293159609121"], ["[1, 2]", "0.0293159609121"]]}
{"algo": "DIFG_check_10_usingb_20_2.csv", "param": "20", "instance_name": "cdt_methodsAll750_10_2", "diagnosis": [["[0]", "0.888888888889"], ["[3]", "0.0555555555556"], ["[1, 2]", "0.0555555555556"]]}
{"algo": "DIFG_check_10_usingb_30_2.csv", "param": "30", "instance_name": "cdt_methodsAll750_10_2", "diagnosis": [["[0]", "0.731343283582"], ["[3]", "0.134328358209"], ["[1, 2]", "0.134328358209"]]}
{"algo": "DIFG_check_10_usingb_40_2.csv", "param": "40", "instance_name": "cdt_methodsAll750_10_2", "diagnosis": [["[0]", "0.529411764706"], ["[3]", "0.235294117647"], ["[1, 2]", "0.235294117647"]]}
{"algo": "DIFG_check_10_usingb_50_2.csv", "param": "50", "instance_name": "cdt_methodsAll750_10_2", "diagnosis": [["[0]", "0.333333333333"], ["[3]", "0.333333333333"], ["[1, 2]", "0.333333333333"]]}
{"algo": "DIFG_check_10_weka_randomForest2.csv.csv", "param": "none", "instance_name": "cdt_methodsAll750_10_2", "diagnosis": [["[0]", "0.8743008545189802"], ["[3]", "0.11775095586513669"], ["[1, 2]", "0.007948189615883082"]]}
