{"ground_truth": "[0]", "components": "[0]"}
{"algo": "DIFG_check_10_uniform_9.csv.csv", "param": "none", "instance_name": "poi_methodsMost556_10_9", "diagnosis": [["[0]", "1.0"]]}
{"algo": "DIFG_check_10_usingb_00_9.csv", "param": "00", "instance_name": "poi_methodsMost556_10_9", "diagnosis": [["[0]", "1.0"]]}
{"algo": "DIFG_check_10_usingb_05_9.csv", "param": "05", "instance_name": "poi_methodsMost556_10_9", "diagnosis": [["[0]", "1.0"]]}
{"algo": "DIFG_check_10_usingb_10_9.csv", "param": "10", "instance_name": "poi_methodsMost556_10_9", "diagnosis": [["[0]", "1.0"]]}
{"algo": "DIFG_check_10_usingb_15_9.csv", "param": "15", "instance_name": "poi_methodsMost556_10_9", "diagnosis": [["[0]", "1.0"]]}
{"algo": "DIFG_check_10_usingb_20_9.csv", "param": "20", "instance_name": "poi_methodsMost556_10_9", "diagnosis": [["[0]", "1.0"]]}
{"algo": "DIFG_check_10_usingb_30_9.csv", "param": "30", "instance_name": "poi_methodsMost556_10_9", "diagnosis": [["[0]", "1.0"]]}
{"algo": "DIFG_check_10_usingb_40_9.csv", "param": "40", "instance_name": "poi_methodsMost556_10_9", "diagnosis": [["[0]", "1.0"]]}
{"algo": "DIFG_check_10_usingb_50_9.csv", "param": "50", "instance_name": "poi_methodsMost556_10_9", "diagnosis": [["[0]", "1.0"]]}
{"algo": "DIFG_check_10_weka_randomForest9.csv.csv", "param": "none", "instance_name": "poi_methodsMost556_10_9", "diagnosis": [["[0]", "1.0"]]}
